id1,id2
B07FNBMSRT,443254147
B07FNBMSRT,533478955
B07FNBMSRT,478326500
B07FNBMSRT,564650306
B07FNBMSRT,473484857
B07FNBMSRT,421814664
B07WKHFMHC,306628059
B01IHS937W,306640027
B07WHQDTS8,306594751
B01B5JNFB0,306630204
B07TKQZJR4,236118978
B07TKQZJR4,299924810
B01B5JEV8Q,306628010
B082PCWCWS,352504136
B082PCWCWS,365354968
B082PCWCWS,575096415
B082PCWCWS,364502669
B07BD3K6LL,118671419
B07QH5M69L,219555058
B07QH5M69L,279974288
B07QH5M69L,279546843
B07SCQ1KP5,148048239
B07SCQ1KP5,356178821
B07SCQ1KP5,354338327
B01EGDW0ZE,596348489
B07WR8DFS3,373302946
B07XF1JLQX,370332730
B0028JUXEO,577892067
B006UGSVHW,563976828
B07S4MX1JS,317536626
B07FTF33DX,264788310
B07FTF33DX,281491213
B07FTF33DX,264150238
B07FTF33DX,264803589
B07FTF33DX,289625516
B07FTF33DX,281847374
B07FTF33DX,264798600
B07FTF33DX,304572431
B07FTF33DX,471444026
B07FTF33DX,421270247
B07FTF33DX,563374240
B07FTF33DX,264145326
B07FTF33DX,549396051
B07FTF33DX,127311213
B07FTF33DX,125435814
B07D9F61LC,350648010
B07D9F61LC,555524581
B0853CDBFX,306604587
B01B5JD76S,306644003
B0002YDZYW,212577807
B07Z6CHZRV,284531301
B0859G7ZL3,373316500
B0859G7ZL3,482474218
B0859G7ZL3,363140698
B0859G7ZL3,357896192
B0859G7ZL3,337950271
B07V6XTVRG,336058115
B085HD6KRD,205414849
B085HD6KRD,100408599
B085HD6KRD,2205897
B085HD6KRD,473958135
B07YDFLPW4,449648983
B07YDFLPW4,447616200
B07X8ZXNP6,550900310
B07VB4XXGX,350696088
B07V3X7C3F,583648659
B07V3X7C3F,329090726
B00SY1G1W8,345354632
B082K66Z87,508476570
B07V9M2PVK,501968477
B07Y1W85XB,339446061
B07Y1W85XB,601278975
B07Y1W85XB,359668316
B07Y1W85XB,444638109
B07Y1W85XB,127354110
B0178KNEMU,222494160
B01B5JNKXS,134072625
B07TJLY1K9,366598244
B07ZCRDKCT,6753396
B07SFGMC1Z,545218703
B07YWG2FF3,600010552
B000BOLHH0,120672832
B07TKK7NFV,308840892
B07TKK7NFV,443604014
B07ZX1464R,562860658
B07ZX1464R,545844085
B082XC72JS,329314566
B082XC72JS,448430202
B086LFPPK7,416816735
B086LFPPK7,554514621
B07W1W2KFL,573628454
B07HQV3Q1W,315888889
B009VWJINI,379642633
B00N7EPPTM,5277020
B07X5C883G,323224359
B07X5C883G,323240290
B07X5C883G,495214682
B07X5C883G,495248955
B00G3CEYM4,536310773
B00G3CEYM4,416694492
B00G3CEYM4,127967859
B00G3CEYM4,127966781
B00G3CEYM4,127966663
B00G3CEYM4,123421120
B077D6VVVX,342580800
B077D6VVVX,460374364
B07JH6CMPM,435486796
B07W62DY9T,281082250
B06XKHJWLV,231289846
B06XKHJWLV,136723178
B07Z42N8M7,570714992
B07Z42N8M7,448410369
B07Z42N8M7,358718301
B0813BWXHS,349160839
B07W72YT68,4169348
B005C6CBEK,153303819
B07WWGW78H,606126069
B07WWGW78H,354072832
B07PNN2QPL,449720209
B07T487898,330668437
B01JINZKMM,280018847
B01EGDW0G8,596348489
B07MZ2R26T,644090427
B084VSTWPR,459696996
B084VSTWPR,290971843
B084VSTWPR,440850091
B084VSTWPR,566196932
B07VYXX7P9,7010863
B084TRF824,447482577
B084TRF824,447536070
B084TRF824,472810096
B01B5JJAA0,306602477
B07SZB8RQF,373344268
B07VKZFKNM,254649685
B07VKZFKNM,326950547
B07RQPFG2B,601278975
B07RQPFG2B,359668316
B07RQPFG2B,444638109
B07RQPFG2B,339446061
B07RQPFG2B,134489063
B07QLHYVXS,252869441
B081LHHW1M,446162477
B085Y5PX36,108365092
B07S7Q8QFB,565514450
B07S7Q8QFB,565488679
B07S7Q8QFB,565488681
B07S7Q8QFB,565510486
B07S7Q8QFB,331964514
B07S7Q8QFB,331958680
B07S7Q8QFB,369150643
B07S7Q8QFB,331950934
B07S7Q8QFB,331974278
B07S7Q8QFB,331950972
B07S7Q8QFB,331992012
B07S7Q8QFB,331966494
B07S7Q8QFB,331978247
B07S7Q8QFB,331974315
B07S7Q8QFB,331958611
B07S7Q8QFB,331948974
B07S7Q8QFB,331952851
B07S7Q8QFB,331968432
B07S7Q8QFB,331980202
B07S7Q8QFB,331950929
B07S7Q8QFB,331986063
B07S7Q8QFB,331968430
B07KJXBPJY,520758191
B086DQG6GD,572864835
B086DQG6GD,572860759
B086DQG6GD,529694951
B086DQG6GD,479540756
B086DQG6GD,533460854
B0087MKJWW,590202640
B071PCB7BB,264332835
B07Z5BXP4H,495278491
B07Z5BXP4H,495208749
B07Z5BXP4H,282618287
B07Z5BXP4H,280322750
B07Z5BXP4H,110697839
B07Z5BXP4H,487322322
B07Z2V55HY,289735128
B07Z2V55HY,599968935
B07Z2V55HY,600644965
B07Z2V55HY,220580605
B07Z2V55HY,493734765
B07Z2V55HY,450864504
B082MXHTSS,140530283
B082MXHTSS,138822413
B082MXHTSS,168445709
B082MXHTSS,166254916
B082MXHTSS,505266300
B07CZ9R3JY,288489721
B07CZ9R3JY,322260402
B07WXRHBFM,337070681
B086CB96QR,584926474
B086CB96QR,444660659
B086CB96QR,584616818
B081L849T9,6267475
B08115STB4,331010417
B01CFW36ZQ,7115129
B0747JQL3Z,307234924
B0747JQL3Z,264784543
B0747JQL3Z,472784627
B07RGD8LT2,100715280
B0847QVGCJ,101012884
B0847QVGCJ,101014763
B0811G4NQJ,526798374
B0811G4NQJ,406718869
B0853D9B1R,254573294
B0853D9B1R,266470234
B07XTBJSWM,443274209
B07XTBJSWM,526270138
B07XTBJSWM,526208577
B07QZQ61TH,308848888
B07WLDM5JB,439910869
B07H4N5HSN,290961981
B0833YV55H,517354203
B0833YV55H,523990417
B083424799,600560108
B07VQKLCTD,356222981
B003JH7ZSG,351822425
B07RTHJVV1,469664828
B07RTHJVV1,467754194
B06XHP2D3J,150331685
B06XHP2D3J,272463621
B08626GLVR,354526153
B077D4NY4D,10285464
B07XLLP1YY,402530262
B082TPZ7JJ,266847330
B07P93JZLD,353002146
B07W4477B8,266847332
B085NVSRNS,579062091
B07XF495FZ,328842475
B00007GQLU,328878170
B00007GQLU,5343804
B00007GQLU,5278925
B00007GQLU,291308225
B00007GQLU,100402363
B00007GQLU,485496045
B00007GQLU,473766075
B084WS17ZK,526222679
B07PRW73JR,477512323
B07CZD6XQY,311760435
B086GCSYSZ,636136592
B086GCSYSZ,604596609
B07FMH7HSV,328852972
B07FMH7HSV,116197588
B07FMH7HSV,101464182
B07FMH7HSV,115578144
B07FMH7HSV,100456945
B07FMH7HSV,473932543
B07ZNWNKZR,568470117
B073LQBVXX,107739142
B073LQBVXX,127809208
B073LQBVXX,354268804
B073LQBVXX,513306160
B073LQBVXX,356870962
B073LQBVXX,512676683
B073LQBVXX,514292015
B073LQBVXX,513836134
B073LQBVXX,506722672
B073LQBVXX,354636134
B07VQKTB7S,353212295
B07QKT275W,297524711
B07QKT275W,419916271
B086MTNSQ8,448392628
B086MTNSQ8,252346612
B07YC4WQLR,363326205
B081GHDHCY,518130541
B00CMOZ9IK,446962999
B082DB6SXL,408108745
B082DB6SXL,464864353
B081TXPTXQ,545804679
B081TXPTXQ,551584442
B01JIWRX1Y,576000903
B07NYV6GJC,281082250
B06XV8FM7B,435486796
B07VF6159Y,329784577
B07VF6159Y,531126117
B07VF6159Y,332030302
B0868NT3DQ,371910675
B0868NT3DQ,377532381
B0749C978B,361984600
B002LARWZ8,1814570
B07QFXSLTQ,246327884
B07QFXSLTQ,284986341
B078JW6D6B,526784575
B078JW6D6B,643452275
B078JW6D6B,322812016
B078JW6D6B,353564761
B07YNNHYXP,377492273
B07WNB5J9F,1015149
B07W99L6HX,281082250
B008YK78T4,331006506
B01B5JTTEM,306626097
B085LG6BSL,101012884
B085LG6BSL,101014763
B07RDCXZR3,474540221
B07QTWMD44,267084604
B003F7DWH8,590226414
B07W5TY6N6,439070802
B07W5TY6N6,6779737
B07W92BK79,318082447
B07W52PBZZ,439910869
B07SG3344L,555562055
B07RX7MQ5X,333888327
B08152SF4T,367312578
B08152SF4T,332002458
B08152SF4T,337126622
B0823N3QNV,542356312
B0823N3QNV,476222018
B0823N3QNV,542368159
B0823N3QNV,522916919
B0823N3QNV,449536830
B0823N3QNV,524766315
B0823N3QNV,580534557
B0823N3QNV,539006414
B0823N3QNV,575644399
B0823N3QNV,445046382
B0823N3QNV,534462130
B0823N3QNV,534436553
B004Y1AYAC,315172376
B004Y1AYAC,100408718
B004Y1AYAC,644388881
B004Y1AYAC,322624705
B004Y1AYAC,100363486
B004Y1AYAC,204465
B004Y1AYAC,475384129
B07PPGW18M,358436796
B07PPGW18M,358028575
B07PPGW18M,318484338
B0076BNK30,619862153
B0076BNK30,102252951
B0076BNK30,100408628
B0076BNK30,136744860
B0076BNK30,365360844
B0076BNK30,328874110
B0076BNK30,180250402
B0076BNK30,435464733
B0076BNK30,473556693
B0076BNK30,6389916
B0076BNK30,603718030
B0076BNK30,439872494
B0076BNK30,613648754
B0076BNK30,594978468
B00NI3BZ5K,205414849
B00NI3BZ5K,100408599
B00NI3BZ5K,2205897
B00NI3BZ5K,473958135
B00NI3BZ5K,328854070
B00NI3BZ5K,440222842
B07Z77RJLW,344632471
B00K7EMPVG,126387118
B071JB8MX6,294395723
B071JB8MX6,346982165
B071JB8MX6,352444163
B071JB8MX6,323256509
B00005T3XL,5390834
B00005T3XL,414154
B07RWZDZBV,141051207
B07RWZDZBV,306644017
B01IHSB2RG,489576344
B07RQSV2ZY,351258211
B07RQSV2ZY,505172185
B07CCMMJC4,593072623
B07Z54B3BP,450584587
B07Z54B3BP,334720679
B07Z54B3BP,359178345
B085N45ZRM,7658668
B07J9K9GCT,487064593
B07FK8C682,285475209
B009609OQG,590226204
B086JPQGZZ,472784584
B07WT6HKVF,111353238
B07ZTNNK1P,504508639
B07ZTNNK1P,354592675
B07ZTNNK1P,481992689
B07ZTNNK1P,470988739
B07ZTNNK1P,482060828
B07ZTNNK1P,570732075
B07ZTNNK1P,470962409
B07ZTNNK1P,356256107
B07XYF24YH,267075842
B083BZN89C,354368216
B083BZN89C,444758057
B083BZN89C,354382011
B083BZN89C,444602826
B083BZN89C,366540457
B07LGRB5HN,367350848
B07XXZK7WY,447426441
B07KYXP7J1,292339933
B01N3VN5L3,582394271
B0819YCWHX,334844729
B07Z75STX7,344964593
B01LFREKUM,100782102
B07SNGLTNK,4169348
B07Q2DGYCN,4169348
B07WLPT3RG,281082250
B076VDGHRH,514378452
B076VDGHRH,513864146
B076VDGHRH,513304052
B076VDGHRH,513030370
B076VDGHRH,247792516
B085DR51XK,446566623
B07VH5SJ9V,583792105
B07VH5SJ9V,628274245
B07VH5SJ9V,380696335
B07VH5SJ9V,355778065
B07VH5SJ9V,467712895
B07VH5SJ9V,354102143
B07VH5SJ9V,354700626
B07VH5SJ9V,354712320
B07VH5SJ9V,354704282
B07VH5SJ9V,278977638
B07VH5SJ9V,417608660
B0868D9QLM,539994841
B0868D9QLM,540124912
B0868D9QLM,540636362
B0868D9QLM,557234223
B0868D9QLM,541336910
B0868D9QLM,557328752
B07S16BJHF,341914502
B07S16BJHF,344614002
B01M2XFS34,120222618
B07KW61Q79,123183337
B0789LSSL1,328822819
B07RFCNBH2,288373208
B07RFCNBH2,121766023
B07RFCNBH2,312928987
B07RDNYMHT,326608130
B07YR39642,338086359
B07Q4D9SGX,292668933
B07Q4D9SGX,456434053
B07WNQ51QC,347614585
B07TF89PVH,373326616
B07TF89PVH,472782537
B07TF89PVH,287885171
B0827XYW9Z,508776092
B0827XYW9Z,317120523
B07S3V1TDG,575368095
B07WNN5G2L,287883948
B07WNN5G2L,287885907
B07WNN5G2L,309190547
B07WNN5G2L,309230067
B07WNN5G2L,309206430
B07WNN5G2L,470372885
B01L5UBZSY,166094192
B08116YHLD,569182491
B08116YHLD,447646165
B08116YHLD,441148837
B013RKVDVO,295080345
B083LJZ1S1,281072587
B07W62BQC3,214781313
B07W62BQC3,492784402
B07W4XB341,214781313
B07W731794,281082250
B06XT8HC7J,311198660
B07WCCRTCW,214781313
B000HJ5N2Y,205695
B083428C9S,357274138
B0838TV8VW,547412315
B01G978RVG,644622224
B01G978RVG,643768735
B07YCRDCT1,213942716
B07YCRDCT1,256613746
B07YCRDCT1,256665205
B07YCRDCT1,256608909
B07YCRDCT1,443196815
B07YCRDCT1,282603370
B07YCRDCT1,554388760
B07YCRDCT1,254576014
B07YCRDCT1,213942820
B07VBR82TP,344522130
B07VBR82TP,470962404
B07VBR82TP,447490699
B07VBR82TP,419414536
B07VBR82TP,471008435
B07VBR82TP,354578992
B07VBR82TP,419412592
B07VBR82TP,471022202
B07VBR82TP,470976211
B07VBR82TP,354586796
B07VBR82TP,392204583
B07VBR82TP,419366997
B07VBR82TP,419428360
B07BLQM8WK,382368549
B07BLQM8WK,490008801
B07BLQM8WK,451382104
B07BLQM8WK,320774366
B07BLQM8WK,359192087
B07C281C6T,328862790
B00VIDK9SG,328842964
B00VIDK9SG,8557237
B07W99JFFY,214781313
B07D18KV38,279196930
B07BZ1V683,4169348
B0147N2X8M,363746576
B07VCYP2G1,495250082
B07VCYP2G1,495278533
B07VCYP2G1,586798500
B07VCYP2G1,282790249
B07D3L7VX1,332422816
B07D3L7VX1,320774235
B005NFW8CU,312872717
B0822XDGG8,494260764
B0822XDGG8,504550150
B0822XDGG8,489228890
B0822XDGG8,493022669
B0822XDGG8,464804183
B07Y5TM33D,476536540
B07QXSG89Z,6774823
B07W62BPHK,214781313
B0085MS27S,163969984
B07VLBR4KL,265988626
B0841BJD1V,335076152
B0841BJD1V,328394394
B0841BJD1V,546170345
B07YHGH6TB,526254155
B07HF2XLK9,555534328
B082VC2251,447536062
B006TZE0UQ,590100965
B07KK5D1B9,599474029
B07ZTP1WNP,447492683
B07ZG22CTV,470294954
B07RTQT1RM,139216309
B082KS3MVR,586854899
B07CNV3V6M,337452820
B07VSQRVMD,351248246
B07Z4XV9J1,451882663
B082YPS45B,465910955
B0053ZUW28,321022330
B07S3F7D8V,321650101
B08629GVFZ,617402335
B08629GVFZ,617414226
B07SG49RYY,8853214
B07SG49RYY,535990243
B07YB62S3J,391860238
B07YB62S3J,324968521
B01L13RXBS,504502467
B01L13RXBS,102773688
B01L13RXBS,2796020
B07Q1N11S6,477478986
B07Q1N11S6,547380401
B07Q1N11S6,643804367
B083KJBHGR,334608763
B07W48KHK6,378968051
B07VFTKVZT,322656060
B07VFTKVZT,322644239
B07WNR1WGR,449650566
B07WNR1WGR,463460081
B07WNR1WGR,232989731
B07BWJ9QW4,318848815
B002O3SJ0E,3452297
B002O3SJ0E,320366746
B002O3SJ0E,449650566
B002O3SJ0E,463460081
B002O3SJ0E,232989731
B07WFZLLP5,340940449
B00A2X2OUY,108496976
B00A2X2OUY,317840547
B00A2X2OUY,337678199
B00A2X2OUY,330984740
B00A2X2OUY,332506052
B00A2X2OUY,631484509
B00A2X2OUY,390380881
B00OSYPEPA,1753756
B00OSYPEPA,143741096
B00OSYPEPA,1753750
B081B6H7C1,449650566
B081B6H7C1,463460081
B081B6H7C1,232989731
B073XGW7KC,107718316
B07YX3YFHV,3452290
B07YX3YFHV,339978066
B07YX3YFHV,333834939
B07V9GMM72,366590276
B06XTZLWDT,242919670
B07CSLM1X8,270653863
B07CSLM1X8,310942824
B07CSLM1X8,590368489
B07CSLM1X8,389618639
B07CSLM1X8,611556102
B07CSLM1X8,423038738
B001S2PPT0,8507990
B001S2PPT0,616724105
B001S2PPT0,330656553
B001S2PPT0,100714870
B001S2PPT0,278075966
B001S2PPT0,320910516
B001S2PPT0,308016995
B001S2PPT0,475110070
B00X8MRBCW,328862681
B00X8MRBCW,616240065
B00X8MRBCW,4269619
B00X8MRBCW,520084271
B00X8MRBCW,180250418
B00X8MRBCW,100408616
B00X8MRBCW,112561352
B00X8MRBCW,101463511
B00X8MRBCW,8556772
B002NEGTSI,5820671
B002NEGTSI,328856968
B002NEGTSI,328896031
B002NEGTSI,6118324
B002NEGTSI,473520316
B002NEGTSI,127601181
B00K899B9Y,100367115
B00K899B9Y,328856740
B00K899B9Y,104289373
B00K899B9Y,100408608
B00K899B9Y,154598247
B00K899B9Y,473876881
B00K899B9Y,120989389
B07XQ7WVT5,583522316
B07WP45NMY,324988178
B07WP45NMY,341930608
B083FV8BMF,524496541
B00V3VXKWA,112406055
B07XXDR2TB,346970559
B07XXDR2TB,346976319
B0711V4GFT,490134578
B0711V4GFT,109876351
B07WG1KQD2,232991160
B07WG1KQD2,339988398
B07WG1KQD2,329800309
B07WG1KQD2,326282179
B07WG1KQD2,314292460
B082DXTTL6,571364171
B082DXTTL6,571806241
B082DXTTL6,571302726
B00009R6UE,113799553
B082XCV7TM,449692085
B082XCV7TM,354624455
B082XCV7TM,349430785
B00MFB0YAI,793712
B07WFZX5D3,449674268
B07WFZX5D3,266011104
B07WFZX5D3,333852598
B07WFZX5D3,272634524
B07WFZX5D3,6662830
B07WFZX5D3,102083157
B07WFZX5D3,10420552
B07WFZX5D3,350610793
B07WFZX5D3,329648126
B001MXFN7E,384152398
B00XHG4UUA,333852598
B00XHG4UUA,272634524
B00XHG4UUA,350610793
B00XHG4UUA,329648126
B00XHG4UUA,6662830
B00XHG4UUA,102083157
B0786GLSRW,469932293
B082K88HZ9,348162601
B07V2SFVWH,452130141
B08526MC7Z,3618128
B08526MC7Z,290996228
B08526MC7Z,237264205
B08526MC7Z,575508015
B08526MC7Z,4826209
B08526MC7Z,115591606
B08526MC7Z,168877979
B08526MC7Z,312416663
B08526MC7Z,125018298
B08526MC7Z,312262873
B0866FFNQ1,477750472
B0866FFNQ1,354072832
B085W38KR4,562086005
B085W38KR4,592146478
B085W38KR4,568990687
B085W38KR4,584650843
B0869FFTZD,581396743
B0869P5WMS,566452721
B0869P5WMS,566590962
B0741565NR,159966825
B07WP3H82X,447410781
B07WP3H82X,247469112
B07F2N47MJ,353556706
B07F2N47MJ,247257153
B07F2N47MJ,317626698
B0854MVTJQ,306642007
B00BGDLJ78,329296229
B0868JTJT1,473578441
B0868JTJT1,479610180
B0868JTJT1,479578281
B0868JTJT1,529778542
B0868JTJT1,479748302
B0868JTJT1,479574315
B01G979DKU,6754472
B076JM5F6N,339832027
B0854CJ1D5,373308563
B0854CJ1D5,373328390
B0854CJ1D5,373306608
B07Z55PCWR,444352064
B07Z55PCWR,601804442
B07Z55PCWR,601290844
B07Z55PCWR,602012074
B07Z55PCWR,601132957
B07Z55PCWR,549718162
B07Z55PCWR,601536510
B07Z55PCWR,601804369
B07P1SPY32,359736895
B07P1SPY32,545552545
B07P1SPY32,646486114
B07NXSV5WL,363286203
B07NXSV5WL,292927184
B07WN1YKPX,123412061
B00YCXT7Z0,265992484
B00YCXT7Z0,266041340
B07P71DM66,363222772
B07SG95HDD,367644429
B07YYHJZPG,334946908
B07YYHJZPG,269207204
B01B5JTJVU,306638139
B01B5JC53E,306642015
B07KT38BV1,306604587
B07KT38BV1,306616352
B07KT38BV1,306624115
B07KT38BV1,306628009
B07KT38BV1,306620261
B01B5JGVQQ,306640082
B07XZHZ35B,284584466
B07RM4S3H9,344958286
B07T35TJBD,322660116
B07T4L4KVP,311620141
B0826NVY7V,267093301
B0826NVY7V,254549497
B074P95S1T,328862681
B074P95S1T,616240065
B074P95S1T,4269619
B074P95S1T,180250418
B074P95S1T,100408616
B07WGWS95F,538418146
B07KTC6H27,424212748
B07XBND2G5,492442049
B07XBND2G5,554640209
B07XBND2G5,447504658
B07VZWQRFW,333576827
B07QZQFLZV,447468549
B07QZQFLZV,5959620
B01DQE0TA2,306644018
B00UBHPY30,563398081
B00UBHPY30,387512563
B00UBHPY30,353540869
B00UBHPY30,200788956
B00UBHPY30,200782901
B00UBQ6K0C,563406022
B00UBQ6K0C,387484362
B00UBQ6K0C,239600313
B074JKQV6S,283934441
B07VR99NK3,340914665
B07VR99NK3,346220624
B07VR99NK3,346218602
B07TT9BKY3,354874976
B07TT9BKY3,426728956
B0827YMXRD,266847330
B07J4K3JV9,467646791
B07J4K3JV9,543200568
B07J4K3JV9,458232681
B07J4K3JV9,571850706
B07J4K3JV9,571258877
B082LSYW15,266847330
B083NJ4GXF,579062091
B07HFR54FL,315982672
B085VXH2F8,318902252
B085VXH2F8,388818061
B07QPD8M3B,242165164
B07QPD8M3B,242142277
B07QPD8M3B,360660450
B07N32QHT6,214781313
B076115CXD,254247979
B082J5LBSG,214781313
B07SPWVX63,214781313
B07TS2Z1LB,490538107
B07TS2Z1LB,563624318
B07TS2Z1LB,328854216
B082MSKDRL,281072587
B01IHS841S,489576344
B083LMB9CY,281072587
B07QFXY1L4,246327884
B07QFXY1L4,284986341
B07Q1K4Y47,214781313
B06XW3FQH9,518198128
B07SSBRGSL,281541616
B07SSBRGSL,281543534
B081K4T52Q,266051181
B081K4T52Q,350670475
B081K4T52Q,349450394
B081K4T52Q,384140446
B081K4T52Q,355576985
B081K4T52Q,326740401
B07ZTFBPFM,536060598
B07Y1W1BKH,266051181
B07Y1W1BKH,384140446
B07Y1W1BKH,349450394
B07Y1W1BKH,350670475
B07Y1W1BKH,355576985
B07Y1W1BKH,326740401
B07Y1W1BKH,339944887
B07HK745YG,384898144
B0040DFD1O,244081018
B07QK1ST7S,330560433
B0815VS3N3,339958361
B0019BI66E,140233468
B009GFYB3W,297896204
B0182YSACK,3455740
B081K4G4NC,356364755
B009655FUA,448350230
B07NKWB235,472798283
B01B5JJWKS,306640038
B07F1KFSNS,169120711
B07RY1C1KK,428418431
B0821N4FD7,7960028
B07W41JXQD,322694164
B083LFHXK5,297106492
B083LFHXK5,237258994
B083LFHXK5,227818805
B07TC4Q32V,443506247
B07TC4Q32V,458942037
B0084Y5YAA,555524581
B083TZ5F6Q,314102886
B082ZFFX5D,105743619
B001Q1W6V8,343404645
B0829233FB,446162477
B007OQV2K0,308088
B007OQV2K0,7102078
B007OQV2K0,270183129
B07L4KV17S,329300005
B083QGMZ8H,306622309
B07PPF8JTX,139719950
B082V7RJP1,293757196
B082V7RJP1,586204880
B082V7RJP1,357328564
B082V7RJP1,291805517
B082V7RJP1,593996780
B082V7RJP1,586104294
B082V7RJP1,289946192
B07RT5B3ML,327226655
B01B5JBUCG,306628059
B0066WEGEC,457900329
B0066WEGEC,223621123
B0066WEGEC,114220199
B07X3MFGTX,447482582
B07X3MFGTX,447522302
B013KP1KNM,306640097
B013KP1KNM,306640098
B00G5UV7H4,306624028
B07T5B2WSD,534960979
B083S74JV7,306604526
B00G5VL25A,306602571
B01DQDZRRS,306642031
B01B5JM1JC,306640065
B07T8PBMCV,280214798
B07T8PBMCV,9705037
B07T8PBMCV,323666897
B07XXZQ8LQ,302634622
B07XXZQ8LQ,354628192
B07XXZQ8LQ,490666079
B07XXZQ8LQ,222254326
B07XXZQ8LQ,230589102
B07XXZQ8LQ,230573990
B07XXZQ8LQ,230575410
B07XXZQ8LQ,348620625
B07XXZQ8LQ,348634329
B07XXZQ8LQ,356916877
B07XXZQ8LQ,526300907
B008QIFADA,268344713
B07SLNJY2D,214789175
B07X52VVRR,587988164
B07X52VVRR,587474339
B07X52VVRR,568508939
B083181YS3,508256837
B083181YS3,574896205
B083181YS3,574848613
B0854HR1T5,449648904
B084X687DF,373310697
B084X687DF,301104121
B084X687DF,308446146
B084X687DF,295032625
B07WQ1XGWG,443452703
B07WQ1XGWG,443480735
B07QSWTTCW,326332424
B07QSWTTCW,279902609
B07QSWTTCW,288486975
B07QSWTTCW,280298246
B07QSWTTCW,280517330
B07QSWTTCW,279923401
B082D22MTK,306642036
B07MNTL856,290964868
B07MNTL856,373310697
B07MNTL856,301104121
B07MNTL856,308446146
B07WHN75TD,452488890
B01CCQNAQK,452520350
B002UR7LW6,4111573
B002UR7LW6,447474512
B07J582XLT,574370757
B07T2ZK2Y4,641650325
B07FDQ5XTJ,476578737
B07FDQ5XTJ,264336360
B0821VP7V8,4111553
B07BLTPVTY,347644447
B07XQZCYG6,615918161
B07YDZTNYL,373302973
B07YDZTNYL,291024262
B07W3TMV38,450952064
B01N5JF25O,102704532
B0081XHQ0U,329314905
B0081XHQ0U,368644404
B0081XHQ0U,313780161
B083QH66HZ,306618485
B01B5JNYKM,306612410
B01B5JH052,306632153
B07L4L6CJN,329232667
B07WH8M4NS,306630042
B081D5C9WP,449644972
B081D5C9WP,320300250
B081D5C9WP,360366774
B07VQLWGMD,266010317
B07B67S4XD,449656408
B07B67S4XD,353628718
B07B67S4XD,575588919
B07B67S4XD,226011960
B07B67S4XD,166090822
B07WHPXQFS,443476728
B07WHPXQFS,443460840
B082KFMRLC,4274117
B07WTKW7ZM,449674268
B07WTKW7ZM,266011104
B07WTKW7ZM,333852598
B07WTKW7ZM,272634524
B07WTKW7ZM,105028972
B07WTKW7ZM,350610793
B07WTKW7ZM,6662830
B07WTKW7ZM,102083157
B07WTKW7ZM,10420552
B07WTKW7ZM,240096831
B0847QBVSY,449704037
B0847QBVSY,355254173
B0847QBVSY,2451038
B0847QBVSY,245810014
B0847QBVSY,326528403
B07WJVJFP5,286907645
B082VBNJKT,354616582
B082VBNJKT,356380444
B082VBNJKT,207886288
B082VBNJKT,337044524
B082VBNJKT,332492201
B082VBNJKT,300202469
B01DNNJYI4,306610364
B07M6PYR4B,306440818
B084Q9C65G,290321551
B07Z36ZJ1K,429140617
B0065SY3IG,101840474
B0065SY3IG,168789538
B0065SY3IG,168787310
B07CP9TYV8,350604940
B07CP9TYV8,148309842
B07YBDTYL5,585914181
B07YBDTYL5,449400337
B07YBDTYL5,442432167
B07YBDTYL5,328854107
B07YBDTYL5,326432869
B07YBDTYL5,326696794
B07YBDTYL5,455172860
B07YBDTYL5,326880203
B07YBDTYL5,463092434
B07YBDTYL5,115156135
B07YBDTYL5,449644988
B07QTFG12H,551402281
B07QTFG12H,9763832
B07QTFG12H,112462552
B00NNDEBFQ,320300250
B00NNDEBFQ,449644972
B00NNDEBFQ,360366774
B00NNDEBFQ,359936197
B07XFB6R3C,303996894
B07WFK73DX,5765937
B07WFK73DX,6269249
B07LGSXNFS,268234701
B00V5XV9RE,376574497
B00V5XV9RE,563340961
B00V5XV9RE,541982205
B07YR3ZBPZ,448368026
B07YR3ZBPZ,266281963
B07FQ4Y4Y1,304592044
B083R4H78H,388570090
B083R4H78H,559884031
B083R4H78H,388510506
B083R4H78H,348802137
B08399JMCC,368576104
B07RWBJ1SW,452518154
B07ZRKSQTG,443464705
B01KJL9YSI,443510080
